,Id,Age,Osteoporosis
count,1958.0,1958.0,1958.0
mean,105515.32073544433,39.10112359550562,0.5
std,2589.407805883467,21.355424440987388,0.50012773023583
min,101008.0,18.0,0.0
25%,103348.5,21.0,0.0
50%,105469.0,32.0,0.5
75%,107755.0,53.0,1.0
max,109996.0,90.0,1.0
missing,0.0,0.0,0.0
missing_percentage,0.0,0.0,0.0
